gene,TCGA-A2-A0T1-01,TCGA-AC-A23H-01,TCGA-AR-A0TX-01,TCGA-AR-A24U-01,TCGA-AR-A254-01,TCGA-BH-A1EV-01,TCGA-BH-A203-01,TCGA-C8-A1HF-01,TCGA-C8-A1HK-01,TCGA-C8-A26X-01,TCGA-C8-A26Y-01,TCGA-C8-A275-01,TCGA-C8-A278-01,TCGA-D8-A1JF-01,TCGA-D8-A1JG-01,TCGA-D8-A1XT-01,TCGA-E2-A1B0-01,TCGA-E2-A1LB-01,TCGA-E9-A1RH-01,TCGA-E9-A248-01,TCGA-EW-A1OV-01,TCGA-EW-A2FR-01,TCGA-GM-A2DB-01,TCGA-GM-A2DH-01
ACTN2,0.888456938390839,0.971547950614285,0.833471103150347,0.859270894652348,0.934785761482933,0.955651356575139,0.950477291923727,0.920499890674726,0.933248943561801,0.93927583053573,0.912020871003508,0.934579067196561,0.943307472301325,0.61592476931565,0.876658619366725,0.919665819581566,0.860183279018137,0.942138314707184,0.580638513408049,0.884360850369201,0.867358492045433,0.906702798609875,0.745994027259903,0.901905990837507
AHCTF1,0.948453129366446,0.966195755633074,0.900568835771371,0.943676477030447,0.940528219334235,0.952173450256612,0.956490029556499,0.951287230409995,0.917001812243522,0.950570148192045,0.904418597285627,0.947290303817159,0.953492861525776,0.950233448966463,0.959941269295828,0.930993873450867,0.915154633131926,0.964037717053353,0.961342481012883,0.947513576182657,0.933535129521169,0.945496384625364,0.922323295827848,0.952731846663391
AHNAK,0.955640643782757,0.969478984986211,0.922104655887668,0.942602481537112,0.951238107105601,0.948179667392244,0.951392643847251,0.952808616258694,0.906821737548459,0.948313818277761,0.960778942159218,0.95087982431947,0.954782013414287,0.948848203906963,0.930494186734532,0.93551788235025,0.94836875005498,0.929198842154432,0.927434878132305,0.954458959726453,0.920856889322127,0.920340238559448,0.93136244025989,0.949657917121263
AHNAK2,0.982350631556115,0.969632365882664,0.979862145950332,0.978699766276897,0.978391245249801,0.98483185196622,0.981113556815684,0.981098969568136,0.979664853275825,0.985637093494396,0.983830343048371,0.979967030823128,0.982533970644338,0.983106178729012,0.97668111275075,0.983084924587424,0.980695899649773,0.982371007219483,0.982446468987464,0.973774969053924,0.982999612929307,0.981214273040107,0.981149355104922,0.976665608656432
AKAP9,0.955754483175559,0.956792956523106,0.954808269545458,0.954039989012055,0.944985849077323,0.930089336129305,0.963532080131319,0.954923951639644,0.951315045067963,0.955883875997724,0.960683031915724,0.956268759699365,0.956680547047689,0.948915467243183,0.931732371231582,0.95518279789825,0.962779748637912,0.963006072791034,0.958168762806705,0.958892826600824,0.954291621830387,0.942607967379044,0.964102806781046,0.954082020397045
AKT1,0.987412975806602,0.992940309802469,0.990226675474465,0.982108906429706,0.982949662480539,0.990356144702883,0.982588391540034,0.986329893211024,0.986059485389238,0.979503658508796,0.980466945601441,0.982266105115224,0.984260281889649,0.988829237522034,0.981542236525772,0.981175085153717,0.98927520115508,0.992725820021857,0.976338699657723,0.988162296313408,0.989317288353331,0.983565952336522,0.982651539989849,0.986179478837916
ANK2,0.904149513535663,0.944100503710002,0.923165175944949,0.922611823963493,0.892938423942532,0.904528747897763,0.924803963605443,0.928465337045106,0.861031036545163,0.938433432875149,0.645938303122164,0.948470806838262,0.934558297509547,0.826862796520101,0.905403814055356,0.939727514980987,0.922704162493814,0.914562532803839,0.746015421814727,0.94766421660135,0.819990367456408,0.933386133596529,0.766565093196814,0.943998360822259
ANK3,0.972905180635671,0.92647186875842,0.971517251676974,0.965745758214506,0.982028548051625,0.962856070252225,0.972686538108145,0.972096051375011,0.982330626411589,0.969420805967268,0.961955158692355,0.973508752599131,0.968634243089703,0.97665365486924,0.96365777993174,0.975622256177009,0.979783326392827,0.984536836841559,0.980106540835866,0.97304729952361,0.976287324623105,0.97635101388031,0.969503611457441,0.981378889278871
ANKHD1,0.0870356996128554,0.189847912540517,0.0995837549740699,0.108889031374889,0.122219326250036,0.107246865736922,0.107948454693154,0.100811925111773,0.116452407078061,0.153739236823395,0.114806169143857,0.144853384948772,0.122086877069826,0.106034939365272,0.106957657065067,0.0911652980123732,0.108067752700282,0.0793271871461987,0.0903391934657124,0.114464764665422,0.100271888420021,0.0994338714789368,0.140456504624704,0.117116965329116
APOB,0.868950878600856,0.943753994749965,0.888267578096552,0.780628883572928,0.896803228599368,0.948519826694983,0.896591152840415,0.949425632240599,0.905180786314466,0.927807429579138,0.530741658810991,0.921025418596389,0.918148017150239,0.926838016173004,0.896529720466288,0.887299819338429,0.665955872230581,0.92472001370345,0.7957295752154,0.659228174278548,0.888393075128103,0.850373227154676,0.858490304720692,0.922385664999315
ARID1A,0.987786503999924,0.972451346655743,0.986283260593517,0.96798659884158,0.97065444527939,0.976089430069212,0.97074197344379,0.95838388902527,0.956419404730456,0.962309292205001,0.953231991406928,0.952036760463022,0.964903807103872,0.966827868916823,0.960688143656257,0.976278526331547,0.969910240440099,0.987242231180141,0.968348020808926,0.950588407335896,0.976476085517601,0.956522398888942,0.95419191082452,0.964449987204395
ARID1B,0.990280096690366,0.99364045132639,0.9880227087564,0.98922794108952,0.985474427903704,0.986939095693029,0.987933155121098,0.988210872194521,0.988507874203961,0.988561255118282,0.986856721167746,0.988459640786039,0.985170576703579,0.987763217930902,0.990793742696231,0.987881862387323,0.988228117408903,0.988212908092789,0.984042571347741,0.988412246140039,0.990725467624414,0.987426460491831,0.985983017317826,0.99187335610469
ASPM,0.0514965235265618,0.132347221323778,0.0470180438208387,0.0677242623914099,0.0467374823226155,0.0399168553096561,0.0467223788968051,0.0420003393135463,0.0805823717772235,0.0485011966565301,0.0394654382063596,0.0501401901626993,0.0512237156545508,0.0454833385290088,0.0556989179428828,0.0326002424354983,0.0410498386447294,0.0315891115884432,0.0468128403126638,0.0544634510431149,0.0343138469887208,0.0498065343604318,0.0640306503950141,0.061449983543005
ASXL3,0.0659664217252501,0.814876257521354,0.167587650681382,0.176810439713274,0.040603266233055,0.0300605528336635,0.383890648427613,0.0443014797476984,0.0441070115735551,0.266803044590434,0.075099962845985,0.0697478190062169,0.296115965609657,0.292980529563598,0.070345887718828,0.0381500133961418,0.0591617045327771,0.371415565284492,0.0760174290968002,0.0972189119976937,0.112331822191239,0.0879017853020663,0.0926668776325502,0.142283127483778
ATM,0.919744756513291,0.95647778343552,0.93663700088321,0.944470336617617,0.919819098768888,0.937747003568464,0.95680803087931,0.949631968738602,0.949247141690474,0.933116007639727,0.930033843827582,0.941862516415019,0.948937621819281,0.945615913486896,0.946525122983296,0.933702196478444,0.954364174444391,0.949288582614566,0.948192867428291,0.955241087610788,0.956506353883542,0.92900659747721,0.950626374701988,0.954896191020898
ATRX,0.897840527313921,0.931366337967692,0.930054354690811,0.929195388081448,0.890517463943372,0.918620840173059,0.941981456903999,0.910926276707759,0.886689016375286,0.898165231454859,0.901853109516414,0.940587004123665,0.894950831965584,0.947259681374695,0.863994599065934,0.922417865557005,0.930181511365783,0.953162789403945,0.906621353756045,0.90302260746577,0.895528347280492,0.914893749255718,0.915521542421638,0.93100398492016
BIRC6,0.954468977633856,0.968591167121531,0.942423856961117,0.947504978551736,0.948450531502891,0.941585040753641,0.932881612724851,0.937489587919801,0.953894626886449,0.956587012907129,0.948980490574516,0.938907658362193,0.954381059647583,0.948045877760095,0.940388420503848,0.94447619966987,0.940792992130251,0.951561839193494,0.95037389063562,0.954809836973282,0.930552864810058,0.935123024020014,0.964098474009224,0.945759971301268
BRCA1,0.955531846384203,0.938360846049563,0.955839241683918,0.928884936353581,0.939536143295981,0.944438808239107,0.955359028863517,0.939105353622726,0.934573928492502,0.947990870326084,0.91375547335081,0.944338497204551,0.944415160776854,0.911724157804772,0.933035658905243,0.910254833367574,0.950924893724466,0.940401143759435,0.933385552006479,0.938404438270152,0.910326735836696,0.916950103737796,0.933565968875327,0.9321360534129
BRCA2,0.929878415034655,0.911810191632745,0.955295195661123,0.955755897497711,0.934444632706639,0.960622544432807,0.956544106058536,0.921011872800605,0.954686506122163,0.942512269414995,0.940660830454115,0.964448575977804,0.876209936412712,0.965116594839111,0.903067634952917,0.952906804807477,0.953944243142073,0.966456498615288,0.945788567410361,0.964613137175717,0.959873812241356,0.952563119595385,0.93935732058299,0.969384136998594
CACNA1A,0.919238816313519,0.948235353684507,0.936592345648488,0.912397375608143,0.891339041356587,0.900272465208376,0.909291855436025,0.92906597491908,0.895975801492025,0.925765455214201,0.938301289137718,0.916694655057794,0.925701254111407,0.923688613887233,0.87603547549943,0.893561821274545,0.952351317549217,0.955374919712807,0.956463340984344,0.946705918568414,0.945951096178523,0.925265843035142,0.938728542910219,0.970557382165316
CACNA1D,0.974688975216858,0.985877430473437,0.976508708964364,0.964172678949475,0.975764305260182,0.97479297110017,0.978930927970224,0.97294761972017,0.970997019404321,0.969817823379968,0.975078490863283,0.972168364198742,0.96925412767673,0.97706201124553,0.965930151446716,0.976491324707487,0.967102512027316,0.983340380302488,0.971018191213479,0.977837046160959,0.973957208628817,0.976198500965364,0.963437518162752,0.984799085714783
CASP8,0.902741513993808,0.96081531931318,0.952151977067874,0.891003214770693,0.929811309626208,0.966895059951735,0.926378669561986,0.923165510480722,0.954206717925897,0.889809672235293,0.931386603087745,0.940409595291662,0.936001653558973,0.899404497812241,0.93832469116413,0.946916367930414,0.886114855286463,0.941840825060896,0.812158805049642,0.884861489128372,0.934786623421742,0.938009060672464,0.898627869321338,0.938397079559536
CBFB,0.948106523277509,0.944957552292373,0.932894233698253,0.946523907326043,0.927868879162327,0.951118545030836,0.9498921498046,0.93578239151398,0.946499290823003,0.951794678364947,0.959391489044453,0.953247834491871,0.941524652107922,0.906465993309622,0.929553089281591,0.945952138243078,0.927365559088413,0.917806513250839,0.940315925914624,0.937992301389555,0.939469065643612,0.92384719359686,0.913388458236496,0.902780768406005
CDH1,0.928592701175884,0.958006256878302,0.939136201650673,0.938745348129712,0.927499751918532,0.940715926013951,0.926199511724488,0.936211553077842,0.957518561182794,0.946163677467949,0.914419952878697,0.921064366022187,0.939895540533688,0.952333060838644,0.938258882625561,0.937968099124358,0.849383132821161,0.961656610940239,0.93768749679147,0.951413767438982,0.9537042031619,0.940443056514434,0.883494277922898,0.956007684259922
CENPE,0.903374242059185,0.912572527842552,0.93159791075893,0.943491539092398,0.923342554942034,0.889282350841209,0.913414729279167,0.907392711506506,0.836649836447474,0.952574231186391,0.933100782037971,0.950024566577706,0.940537383398974,0.928545112538622,0.944119737776025,0.920577727993734,0.924845641903971,0.954110206545599,0.929455673875793,0.95685823508124,0.941981109736679,0.891231224547358,0.924431079725569,0.944984561985419
CEP350,0.950881965637692,0.9539003625412,0.922293988695681,0.894497330607162,0.940236753626822,0.955764589619276,0.941852954895941,0.943989905573614,0.838951644400197,0.920161428566141,0.92415540749305,0.939391964017183,0.94549994333285,0.943386186128474,0.935680050224462,0.923813633861362,0.905801673464414,0.945955416855041,0.939024389949102,0.828518750760544,0.915987865544385,0.926566719442818,0.94590284615047,0.933863352781833
CHD4,0.940218237846325,0.963408930784543,0.945040268620388,0.961187453527174,0.945881629561919,0.953944377269311,0.968219780741455,0.955690527408221,0.957402583719456,0.957410438930284,0.964745439266624,0.958259911684946,0.952713685532372,0.953924431479269,0.957682446514262,0.956445386635995,0.947923562479766,0.968928564395346,0.954257067631916,0.956517749549793,0.940397387838368,0.950818516812818,0.956943215972346,0.971628036335762
CHD7,0.991858288427915,0.983901551565025,0.988892239360426,0.985483815996716,0.986279189570575,0.987582484271483,0.982204703817223,0.98671124187921,0.990818451694707,0.987235661331095,0.98755297652487,0.987868136216999,0.98586929425021,0.992353040206949,0.989713924043897,0.98861017249643,0.989114126578095,0.990395706162914,0.988306933018962,0.98891207835863,0.99107750901329,0.985992775632566,0.981492396980308,0.98767463272435
COL14A1,0.9436205533229,0.948675115236458,0.924776108726236,0.930230671509562,0.934321430218969,0.953578205245373,0.938881106851072,0.947501271328053,0.939114101269993,0.936001140917232,0.95191972504587,0.896957601869343,0.941593541695498,0.925232455639414,0.897705613984213,0.938261039793054,0.909782456163617,0.944903633423577,0.52745173715552,0.54161435356141,0.933982070297139,0.947692284645212,0.920176251371766,0.915991507788704
CREBBP,0.987685649666589,0.979486831584468,0.976945968141784,0.934273223387284,0.94273218994063,0.981961746846553,0.941992276428535,0.963247941082853,0.97363476263997,0.943204933580974,0.941667526486127,0.945656248374303,0.946904272823942,0.968845004426298,0.974565515159839,0.981866966389897,0.978334144221326,0.97679433306261,0.938646618342619,0.941709849639631,0.981244865065665,0.963384868246324,0.958039248107824,0.97931373580948
CTCF,0.97566009744356,0.980797045500407,0.979860978410307,0.975434337297527,0.966121300402172,0.960150592518174,0.971279152665297,0.971459865277955,0.974917836836687,0.977611138974929,0.9755813130079,0.951402285271197,0.97648961969572,0.980589900615414,0.970831537337214,0.986305974109289,0.981861612130015,0.987058136153013,0.981558644738464,0.973002723318111,0.98763166236912,0.976453304041422,0.965764661296814,0.973576288928194
CUBN,0.877820821680948,0.870886439470828,0.880426036377264,0.946103531330834,0.896443276601095,0.923464271085445,0.949116552134872,0.936984563946315,0.946753794011291,0.87372539629615,0.714276225202558,0.946524249512723,0.926800549062291,0.659415823689664,0.883378906006738,0.948998427305642,0.874439777170764,0.958956898577426,0.660056080265459,0.848723673923181,0.829572985240942,0.935129871675645,0.755106656823102,0.944683933306931
DMD,0.931961510490787,0.454269426810142,0.934680046224866,0.897476085697312,0.879378673797409,0.935264557421692,0.93529829473099,0.922699809602073,0.932600504669446,0.946443726388256,0.70466296320208,0.940095157725261,0.940753385401475,0.867468941206588,0.950304521305063,0.902497603701185,0.931598426030494,0.940684905983282,0.811194829279347,0.937158347016026,0.906104439165268,0.904830469092638,0.941486486711384,0.951916507443522
DNAH10,0.989541936019646,0.984433960637474,0.988330752766411,0.988218076326649,0.988360339555069,0.98653502126668,0.986742364179857,0.987691905976729,0.985959832126245,0.988708540832222,0.988363589583229,0.987198896028904,0.986077328293854,0.987779325636586,0.987738229667896,0.987934863585635,0.988872001780695,0.989509094228841,0.985805493209363,0.988808471020947,0.991400218030072,0.988960020212112,0.988320653186776,0.989886760012696
DNAH17,0.985724465094631,0.980213167168891,0.990525240819732,0.974612483699028,0.975677184116974,0.989713523425234,0.978400035528591,0.982262979003624,0.987176168549246,0.979525340203406,0.982626042317696,0.983656097771978,0.977235575588835,0.990119633072054,0.977370200921883,0.973209935404936,0.987867830180582,0.987724170870045,0.959977425507938,0.981960801911436,0.986108094459136,0.967851197189271,0.981033409668487,0.987521053496458
DNAH9,0.910810661832183,0.897322874092381,0.874464855850308,0.931742130636237,0.910416287714804,0.951660813642983,0.916409947924586,0.943407431246261,0.791658667657149,0.900093542001925,0.894274164098109,0.88993183781658,0.90308022484675,0.890333153060411,0.910580434246977,0.910622324570525,0.880809999407169,0.884436926442366,0.912695735679966,0.715400516165223,0.886852109732345,0.893622545439984,0.902427730742424,0.910892527475364
DOCK11,0.914622974296658,0.932533080654085,0.906926492712572,0.920894306189372,0.880137655684962,0.91160656788803,0.935121642527943,0.926522084426726,0.924673353801744,0.915921465148405,0.87646939936742,0.877733942076926,0.905126152028677,0.910287370325293,0.915582208212567,0.923594895345468,0.898654867387964,0.828635270327545,0.888603932591505,0.92366388313804,0.821263536074815,0.901341861587202,0.850187995630284,0.932731998007502
DST,0.964347938489532,0.976033826369899,0.964298640615912,0.962722765270906,0.965271830486375,0.97233458153333,0.968879867289778,0.971556125128959,0.965979056080268,0.963808561822572,0.97892857886512,0.959361146323311,0.975121414975083,0.972300983655681,0.969869034845758,0.960990855251279,0.957715412844973,0.952362122958038,0.962275231663797,0.947994483342273,0.960455529208054,0.962394898001845,0.96736843001417,0.960595188725457
DYNC1H1,0.989451954243791,0.977692648434814,0.988978489050871,0.987913863085487,0.983978473473435,0.987982109817076,0.986105795989316,0.987605547826955,0.989401304855748,0.985016317519115,0.987441282504902,0.985115718245241,0.987893295329077,0.988972137034387,0.984845471278855,0.986598616343299,0.987600000381084,0.990622193108928,0.987966682085104,0.989950815098315,0.990827445684984,0.985383250612359,0.98847351610931,0.989765878355431
ERBB2,0.908943402159375,0.942005662031772,0.856625469975803,0.831847841203755,0.824276175439152,0.778346014291571,0.937058685291367,0.773144242306289,0.911352561345788,0.961662290814033,0.965670506892042,0.904949736898394,0.954624885735176,0.957541794898401,0.96090767290311,0.904049375653902,0.805977669632912,0.890263549089437,0.945479883265124,0.958866462232617,0.961399157905121,0.825682434274502,0.956532867863642,0.956154644086455
F8,0.894171868243651,0.986020426033037,0.962566445433084,0.951668351572583,0.953494406845464,0.944023336651541,0.958474367296458,0.953518456149936,0.960331500199513,0.935357336683677,0.62945747333141,0.93533528431174,0.955643353869752,0.974564105602369,0.971273919421499,0.969811174322648,0.928944677100647,0.986196045625096,0.801411525754296,0.932081543157906,0.977370646359629,0.950593257517635,0.917740198082955,0.980049817549773
FASN,0.992844414821079,0.99074814574309,0.659108815958953,0.788232307567033,0.985915582529171,0.99401778729831,0.987478869245982,0.988192824684837,0.989410390423143,0.960557524854938,0.631135208486911,0.986601284060176,0.988759256954882,0.75587444774677,0.982881994596456,0.989442346376492,0.976509581207606,0.986324091791291,0.988151096044715,0.986508552264391,0.98923601485561,0.9864743876261,0.908830963996512,0.991009238499754
FLG,0.688219644230712,0.574664369503335,0.86680201589764,0.564473990222536,0.833567261768608,0.863194020087527,0.832112269077338,0.890737510944039,0.52982659113838,0.497019557186959,0.383496237253041,0.850506329955508,0.654737211357393,0.41656256388925,0.73340658438231,0.627569855209681,0.456192071004638,0.920604139127843,0.42319481809809,0.546746990498643,0.823996509216151,0.801333960852186,0.583845407901764,0.713518189923144
FLNA,0.785052356492842,0.786199801665913,0.929601853326803,0.807535498401898,0.897752943164481,0.791007975578201,0.895589795625687,0.915795829548385,0.955251995652803,0.894173922870435,0.614988292535308,0.888503283846676,0.869870267473025,0.867031157794197,0.940638861019179,0.878768828910058,0.872448200790997,0.946461636601572,0.66464460314871,0.775771679594389,0.923222652294488,0.798596882638517,0.75810171443139,0.888966407965947
FLNC,0.990509543335712,0.991852761542763,0.990522784989187,0.961402850943809,0.986837200025633,0.990967262717281,0.988160132793674,0.983944973474215,0.988700941870427,0.95598852362166,0.990562183343287,0.984812728962326,0.986051513809315,0.988852004138592,0.985943036438871,0.989906204479543,0.929226015118981,0.99198045393367,0.983864370298948,0.980939910785193,0.989307962097585,0.989021514467558,0.983867528462202,0.98730477451605
FMN2,0.813194188877251,0.765376631663511,0.910174408290757,0.78540102487649,0.904882694594828,0.898901515051604,0.906980525581465,0.911367608118022,0.738395998101233,0.864083424174832,0.79123934212307,0.908112611380883,0.892566787911266,0.897903179075503,0.840785610084645,0.645167805503181,0.666841487517294,0.939662805760992,0.636955747942952,0.762946953033889,0.913195111506411,0.907057307386104,0.728770930712215,0.930183596036855
FOXA1,0.119490053528387,0.0233957589095608,0.168963956719443,0.149337589297339,0.159682856655071,0.141800904295658,0.14327923671297,0.165473820618293,0.112041144957749,0.152629421187211,0.146793159114513,0.118255592520146,0.134494897074929,0.171588944359477,0.13188045270931,0.115307751092409,0.181951832907603,0.117849528753054,0.12595408364605,0.169185666124587,0.135278054061502,0.167330212755175,0.217446202376311,0.205758518073781
GATA3,0.920173346114726,0.961581696986779,0.919304432558385,0.937481070229581,0.913272671322842,0.671694344812355,0.922911436187157,0.568944186006092,0.937892311497168,0.949986836237984,0.942639783271129,0.931152170627668,0.938068333649959,0.930794881774715,0.920134228506948,0.92989655694046,0.927215971343926,0.92225033636081,0.946771912316728,0.911647442503804,0.915719919524156,0.898952539618273,0.872943928479283,0.94050079681658
GOLGB1,0.0882922770641964,0.176321378581502,0.097787259373332,0.138908368708219,0.075729195433291,0.139894368374389,0.100442227535116,0.0957936671958705,0.164451003060257,0.198425433931166,0.181130016136181,0.210813609931542,0.086340491483122,0.0835009592878442,0.149042000242801,0.0758371658455363,0.0882311921035585,0.0519849426999778,0.170317073746807,0.121440773450362,0.0607748584293191,0.071082927368049,0.134110163769549,0.114537293762261
GRIN2A,0.869791204526368,0.947993221932819,0.744792071023878,0.644341208332162,0.977847541963835,0.974983469877318,0.975061660472456,0.97825782323517,0.487693483113757,0.921554561899148,0.359400468807088,0.964806154161956,0.935879524245818,0.9002932625942,0.984014172243467,0.970499987590486,0.584935600330372,0.973002603726029,0.343767743075825,0.628930984573251,0.820576781057532,0.959516119351718,0.977443545589797,0.976334601357318
HECW1,0.947398810160897,0.984737876237966,0.987323015608064,0.969619049623361,0.981815586180298,0.984190348796341,0.979603973581808,0.985389842875837,0.987848067198473,0.986263508895191,0.986095440997035,0.984337494555609,0.985345279102855,0.988200409331715,0.985229719085927,0.985173447021194,0.986952993397381,0.988129023171532,0.709129203610933,0.98704633433646,0.985652047861256,0.983341126961495,0.97846531146502,0.987911911895481
HERC1,0.958513734293963,0.925356458360487,0.938840116298036,0.947879503667652,0.955617052709723,0.939301009700312,0.958292124983023,0.941665366561567,0.939329068700967,0.970745916410819,0.960347333251559,0.958823653779157,0.95316154380585,0.960842333099577,0.954844481202338,0.952260375087069,0.958340159299427,0.963396818981809,0.949223507130126,0.960787221403089,0.952205009841875,0.954155916837509,0.960470441646744,0.959539458707425
HERC2,0.989624977814998,0.993082001370114,0.987254310403784,0.982295666116405,0.985178135488381,0.985875601763042,0.986831206968173,0.985910565646894,0.984740305789642,0.982637654795643,0.982825752335317,0.983855693707485,0.988530569480146,0.977264669402498,0.987199186819831,0.986024219887813,0.985404354598909,0.977863784505286,0.985543932386866,0.988706053294768,0.988434474383595,0.986763317135209,0.982974824490897,0.986491971985067
HTT,0.947391774312112,0.97703604325515,0.960448709888214,0.963777220104572,0.950996035184506,0.958354848226104,0.959736353309317,0.961848288263852,0.950604157239717,0.96091942628457,0.965792144453935,0.964945609503653,0.962563706650641,0.960009662013278,0.959042955872,0.951464645415363,0.963012924705704,0.964045794656409,0.966303659162365,0.953968101697852,0.964941381462065,0.949813747422185,0.962983082978699,0.961087494437265
HUWE1,0.854599789752952,0.939013180802761,0.929702691373168,0.875654188632803,0.925427593576974,0.925217859603737,0.941256727548347,0.938486576911681,0.908878890495956,0.945115384973073,0.851926874742547,0.938889698232393,0.892368732310374,0.924387536072827,0.940717133107841,0.944468949031337,0.900515464337737,0.935917155519748,0.710957544060406,0.876133551042895,0.895551531965318,0.904816536879102,0.763121216923186,0.827287201086608
HYDIN,0.923833536558467,0.768805174188397,0.611644592981545,0.896612865023896,0.939588811230821,0.94868978963596,0.921977326339575,0.928098859565524,0.864765540726529,0.9173530599692,0.887106068794972,0.954309344804318,0.933661017677872,0.919981991442183,0.862047242221809,0.9469855620966,0.500180518000874,0.968025161493152,0.740258374298248,0.757295270552469,0.743074986816935,0.929495411398895,0.908490523951063,0.934362627917763
ITPR3,0.98455307483882,0.985726998368962,0.982425098131335,0.981626305483038,0.976923506671377,0.97194098205281,0.977108744368068,0.978508507464716,0.97822652596128,0.97498690956475,0.975295650554448,0.977854047869987,0.977981715058317,0.97791148611979,0.984814833857625,0.977832031266726,0.981947987951834,0.989390372701388,0.980855764458904,0.975154246413283,0.987173375927927,0.971986155002213,0.976240942919127,0.985995634525481
KDM5B,0.905437544208074,0.971267801014431,0.932623706007134,0.886647033278386,0.947416065590686,0.95301024656389,0.950836028026327,0.941463758698289,0.926630619684197,0.917024860345194,0.794658101380144,0.963080738439653,0.945084286120647,0.907243807502709,0.942745994933361,0.94797167955523,0.957857518606276,0.92587046785022,0.955268549280992,0.925141844400841,0.926569677434969,0.939685469055802,0.89508563325337,0.93868395118326
KDM6A,0.906287759671985,0.928927787122737,0.919814021585644,0.904122420589791,0.917963334029857,0.92966823903496,0.952276833078073,0.934702772250284,0.952466198602794,0.92768709728817,0.914744499117758,0.938927509119798,0.918218095351999,0.919612642236513,0.940595661654588,0.934011498454417,0.946880857371843,0.946663263462127,0.942945544440595,0.906592225741666,0.904246048435426,0.931342218995898,0.874759783933519,0.936123772504181
KIF16B,0.914558427181065,0.951691040839273,0.952702966566861,0.911944007165477,0.913209357274258,0.96517369195778,0.961935919276888,0.946370728282504,0.959312223739498,0.938302261889899,0.930314483549806,0.942580552372597,0.901544631549102,0.948287606287992,0.929784178423106,0.954130382850414,0.923858957012863,0.945504290227325,0.956993235918796,0.944866179196646,0.875114960961597,0.941739759789525,0.944373838981721,0.937277751673534
KMT2A,0.792933328373141,0.527678298450508,0.603442349755669,0.810192470024033,0.629879089746161,0.378101393657405,0.586015237876318,0.746427826270402,0.480830165356974,0.83857414833227,0.67987735614096,0.480740566088154,0.667700046086131,0.379075976850431,0.52262455058949,0.685361611756952,0.462775351408114,0.318620929624409,0.74771025912609,0.935416598500294,0.894717905137399,0.875359767755143,0.604849761984125,0.605813129755413
KMT2C,0.963483150548288,0.928408530519725,0.958562108430233,0.973389496893431,0.962609064965268,0.982522580213867,0.952558416126351,0.974799734794999,0.976114634933912,0.981885367949425,0.96744660923314,0.97731004911115,0.969459369490452,0.953439042474188,0.970747282359946,0.941628035192537,0.968655941079303,0.935171397820273,0.937885031433457,0.979261282728815,0.976908076560716,0.892138291850369,0.96549114179791,0.976387919614997
KMT2D,0.989680504591633,0.991868277395565,0.990010090531022,0.986379358724015,0.982322710104105,0.987806750361289,0.986609433962808,0.986834336502283,0.989916725362124,0.985024772112826,0.987332582591371,0.984581573996183,0.98596172875359,0.986179420588758,0.986058968490874,0.986051636748506,0.986197842068452,0.988004998363712,0.986096867867364,0.988771656788992,0.988211379654109,0.985386993033836,0.98909333436502,0.989612909204699
LRP1,0.992956898681538,0.992089240901424,0.993299244026507,0.990602949840211,0.990387868045643,0.994143682120764,0.990202801027922,0.992270933461743,0.992667811103762,0.991274479709569,0.99266492603646,0.989651925957502,0.986870506281135,0.992782325710022,0.989107793501266,0.991682218174662,0.99190191850552,0.993148488920734,0.990154645037941,0.992608056652604,0.993631042859345,0.992298252194059,0.991176317166579,0.991956996227226
LRP2,0.911402082603987,0.950053342235494,0.909973089678964,0.900696083661931,0.905078029146345,0.862590892903442,0.88934924688133,0.881091623298097,0.878297937257277,0.925745123673865,0.929359741688089,0.914470741850743,0.870744133734798,0.893400439294325,0.845034995519029,0.893371196120865,0.864780871899941,0.857770613197134,0.828523685047433,0.902532026088743,0.865386525433044,0.897048432082422,0.868878536657854,0.925091832917671
LYST,0.924544358791928,0.954914073982994,0.943536680239367,0.958579199743953,0.955118504637072,0.93700862618331,0.961720728004038,0.950761771382359,0.950704601695625,0.96470961425643,0.96092137897433,0.970856221730599,0.956849984626122,0.960295045360623,0.947966575120372,0.93985166087804,0.951906882868336,0.959281840433257,0.961985290490653,0.960663282418621,0.943526143432625,0.95167552371901,0.954370194708055,0.964450786530458
MACF1,0.965073567531689,0.945397339087793,0.968252553726283,0.963085794254862,0.948054402402987,0.964269596679425,0.956266463769132,0.970272503381204,0.966490063606703,0.962013924266959,0.955628942114315,0.962671035425418,0.95941720759765,0.971310097515378,0.954311287630736,0.960920071121441,0.973460339230529,0.979773170803914,0.95380776329063,0.971242647307842,0.972421740670351,0.96465779362151,0.964672983986198,0.972439224347374
MAP2K4,0.945017097599938,0.94203880109089,0.951166756155895,0.952535018214181,0.92569916047848,0.934394283737201,0.952499413056823,0.896064316066218,0.947074410800159,0.958289704805169,0.964983117091371,0.955104961648885,0.955956044838326,0.969800931989056,0.941742381431657,0.954108816386088,0.951087948986742,0.946555564584109,0.84787210760508,0.957861698927456,0.958677345960906,0.944099433975383,0.949607097560403,0.948699550872812
MAP3K1,0.876589049369298,0.936747340780969,0.903100061291016,0.912236034826287,0.897345116056196,0.889327807668147,0.908930342390838,0.943000931536394,0.961233330000785,0.941513210556189,0.925308342888423,0.948272951206015,0.89554463972081,0.955200778944754,0.895112306613386,0.904900949267722,0.936822886257019,0.95555900195328,0.911390857902165,0.95349462551332,0.937599506866181,0.925346487521704,0.940246945733407,0.94227538134283
MDN1,0.946621078886142,0.921583061247664,0.925893078905627,0.933193781596168,0.914831130572026,0.909085955803849,0.932826506762675,0.94044053174765,0.928352104775672,0.942489772203418,0.948676054339932,0.939965699338264,0.91792258784596,0.863510942078822,0.844743264900362,0.915770005287127,0.924420264798291,0.931125850027188,0.940394181347732,0.929207048042366,0.88968121306597,0.921405351531275,0.929821142559828,0.948254698114984
MED12,0.580433716479317,0.864038511468508,0.547871449299615,0.655632312733825,0.750072224030485,0.684798920898358,0.764472626251049,0.682640273819375,0.633724962440396,0.567203064996447,0.680443204603508,0.55140487604814,0.501712084137764,0.591229692300156,0.712045030591885,0.735712907582461,0.680958208646596,0.670105242285526,0.545193649873076,0.606255588989041,0.509316245981376,0.641449033639291,0.525559551648634,0.636548570234033
MEGF8,0.992483990753465,0.982387018495829,0.988999826591284,0.98709901095083,0.988229599669593,0.992743240720254,0.987274957702454,0.99074056378961,0.989789213384007,0.987148946633944,0.987789291638955,0.988935863768681,0.986546763990378,0.991033330826928,0.989919671153404,0.989480882946577,0.990902729375592,0.991841876196148,0.989204760561563,0.987897229219868,0.990198763172138,0.986347792619082,0.986413145229181,0.987796504236957
MKI67,0.89564894180352,0.925234590102412,0.919461615131015,0.933633271420051,0.943909248196234,0.906764980178363,0.920008535545263,0.923306284132459,0.94279645512192,0.936710535478189,0.945993869389903,0.934620410415401,0.941339309051842,0.938193491791349,0.928019350888146,0.943784744453153,0.94479819874852,0.948206881761086,0.922386881584557,0.949778097022305,0.932776416087508,0.932273618976577,0.941373924736858,0.942929739342368
MUC4,0.990824183007572,0.992939969650623,0.991160100657132,0.987196769453026,0.983783910401315,0.989696518588538,0.988262329295166,0.989239099894689,0.971250037451943,0.988825745231456,0.988576708033548,0.986111771929498,0.94443303678259,0.975864544422459,0.949111043363604,0.987226810556739,0.862256565112859,0.990810491538848,0.959791502590334,0.934286626322807,0.982258441801545,0.988196021466476,0.988931697558538,0.989653273248301
MYCBP2,0.937043179528007,0.954316685922417,0.939591835615624,0.944876253503329,0.925002478700868,0.938648462336504,0.918874835118799,0.936833826988895,0.940511168297835,0.950806060228686,0.928054924142927,0.945390455764485,0.958564628114173,0.937672813868093,0.926904084260752,0.947115469847045,0.95761029104726,0.599956161685519,0.95700612020163,0.954903812007156,0.930676039672524,0.927544154078134,0.954539972731022,0.956149196027389
MYH9,0.990306220671149,0.985111374373033,0.986681896693768,0.979217328500342,0.981130301921247,0.990686997793615,0.975997363746133,0.989911124242687,0.989483940812094,0.984283257887305,0.982752393146732,0.986116914952854,0.981540072228169,0.986951641836261,0.987087034424282,0.989026842338341,0.980213921410997,0.991361510127598,0.986925547924598,0.97915546663121,0.992476098972727,0.981851526592102,0.946142059212331,0.987316887599988
MYO16,0.92617862251826,0.971542744510669,0.857431970685758,0.949369791893463,0.953321094668609,0.959030027861752,0.962602415639666,0.961473746285877,0.935911759290941,0.965549379324731,0.536979327720077,0.956270402968495,0.900465786288872,0.954819994132153,0.962949648432883,0.939205266466777,0.857446315403154,0.925111913232834,0.64488120892289,0.88315362276125,0.893833695261297,0.922573259089678,0.83291192019123,0.947047137028713
NCOR1,0.951530138387423,0.908450621713842,0.937860123317425,0.950458966131702,0.930323470487985,0.887008906191197,0.936261202939995,0.939442408659215,0.934878932795261,0.951628276919106,0.947631255693714,0.936748552017995,0.943786244122533,0.951795433527484,0.939948677648197,0.93986329304682,0.938798818212126,0.950120216852016,0.946675301868791,0.915810627765202,0.922494689169404,0.925159927563078,0.949523800163089,0.957849208234835
NEB,0.940092152259214,0.946057135305313,0.954417426755497,0.932302120618938,0.933417513571229,0.94444332076358,0.949398143403365,0.94959311822562,0.950299417935422,0.964567003216481,0.956382422439365,0.954222508014596,0.946872588969863,0.923815598602928,0.945597832080718,0.947525383342004,0.861185268157467,0.948620938859203,0.77550437358904,0.963347411265141,0.934001334953712,0.928328840786082,0.939444316307716,0.952338590227461
NF1,0.897140333326154,0.936830516565243,0.939554526058697,0.962460071271222,0.947844588638134,0.927442477214755,0.956040386924345,0.958999810438213,0.968947087047144,0.963571204277752,0.965308198243903,0.949972325688207,0.945768072287916,0.956627172506236,0.953145142263052,0.941402813148359,0.954266724242726,0.944386568692867,0.95982819203718,0.962360113585868,0.945348027567321,0.938202564375978,0.949728490228658,0.969200996543704
NIPBL,0.916914545354097,0.969394912664125,0.947473550441693,0.966861188300862,0.951978401634356,0.950253115167844,0.952225739412214,0.949682250390889,0.912836756195989,0.955980539799268,0.954305152179818,0.936749478786213,0.962576854145156,0.959331081369973,0.953316967416366,0.95974005907352,0.952688935592572,0.942686007755613,0.959348131589172,0.962333178933219,0.95314250492314,0.94763313851993,0.962162519696856,0.963730918228204
NOTCH2,0.882148591501148,0.924172165141931,0.90557580689904,0.912351033752947,0.823545550096904,0.840049439951958,0.895157068040983,0.912349261949767,0.927228109435164,0.889827294018047,0.879722684513407,0.908407667198208,0.914831846261092,0.910148723016726,0.896923886121285,0.886986568309023,0.884606041889228,0.875055499818619,0.863216693583094,0.929701770388222,0.787518854618181,0.679413807511704,0.914100846499183,0.943828714702636
OBSCN,0.987767508611142,0.979107281051647,0.989124230796251,0.986144910056585,0.988360632821927,0.99012208678159,0.987355683781239,0.988259312911537,0.98824927514409,0.988440519998713,0.989362467394571,0.986396151293085,0.98690767718,0.991524501416588,0.985279109803718,0.98629216552395,0.988930185057328,0.989047324151833,0.985413778951979,0.988391291500879,0.98826103169176,0.987515277629624,0.986673493980913,0.990297478741988
PEG3,0.72480139219704,0.633222335851569,0.986017201073324,0.75450357369842,0.984675209594622,0.989802011160805,0.988571574220162,0.987041654579926,0.636815913400688,0.921652515863642,0.981536698191638,0.981503596960437,0.949734876018516,0.804641958891414,0.827348057985313,0.98567173135861,0.656801209413072,0.968035645610315,0.903470098233776,0.989918750582903,0.718975662761037,0.987234495100643,0.586718832069101,0.989226338324456
PIK3CA,0.911803564064483,0.923354947840187,0.907925999671021,0.929418170278887,0.910386772558837,0.919460612153313,0.933197197435769,0.905909114802154,0.90580645964362,0.948912022848011,0.947854334387179,0.939567371057825,0.93658000040211,0.926781394579114,0.884282806599934,0.935923704124806,0.93602741978959,0.936768528765555,0.943768299527927,0.925268520457497,0.935241140689716,0.924866449423957,0.938236352475046,0.934145627959939
PIK3R1,0.9553604013858,0.940797476675896,0.94878485349203,0.936984564473152,0.923118316181625,0.963218249550959,0.938251446857674,0.954434167847302,0.919943360763375,0.942971183472682,0.956361069665588,0.946313352976889,0.947392991029836,0.943210807751376,0.95129727297376,0.942467869957127,0.944354439450847,0.921475645548248,0.9595395173846,0.933369743596977,0.948267909270747,0.925597688683626,0.935137179714068,0.924282968488222
PIWIL1,0.974202942504716,0.974190135921475,0.971086413045807,0.958590879700148,0.839520785060775,0.979949505012826,0.890792919120683,0.963282752656867,0.977883584150625,0.961375726673961,0.834233346183737,0.952194612191815,0.945230912981106,0.956348609417076,0.971627114803313,0.807755930497229,0.966337110017495,0.983579817439819,0.984211751213795,0.897812392434455,0.98601413073093,0.83344108907745,0.966869628120977,0.98662409153449
PLCE1,0.92982390033015,0.910665406073582,0.910373849441288,0.915308801141059,0.907083339853284,0.931825981712417,0.937599507906342,0.941685938953948,0.923215562835047,0.932579875669679,0.93026332935619,0.943307786231235,0.936392941550342,0.932845711287754,0.949665166606288,0.948365137955157,0.939350561536747,0.934757254061303,0.927350163934025,0.947266726398945,0.951613446602602,0.879391795183288,0.947685393713224,0.960717049771601
PREX2,0.420990443115624,0.908812653106388,0.862706899711114,0.815105319993125,0.861157726593721,0.866150598730969,0.846024325767548,0.905824004616891,0.173950248914573,0.491346990901165,0.417167393775449,0.914189037516993,0.824212820268451,0.241957210681478,0.809656870145577,0.855999932554057,0.271770502903093,0.842674198601667,0.368933339272185,0.437095992010737,0.551465404028621,0.687822617368307,0.555906847761026,0.887770943368001
PRKDC,0.989018244536125,0.991837151299453,0.990271327700182,0.979903748703546,0.985450178091734,0.987878043624429,0.986566745423305,0.986756402993355,0.986717802815978,0.981395716415817,0.974051702985002,0.984149489335297,0.98737692462163,0.988710113480693,0.990429429732215,0.98701917037184,0.987133837422068,0.990452299648863,0.596879566978364,0.981063336987612,0.987881339616204,0.987782325510918,0.982128854596765,0.988708523935188
PRUNE2,0.907198610498412,0.93667945010027,0.91188132267116,0.896012018512126,0.900016928342121,0.913029839214263,0.91920433753901,0.928378099949661,0.933995557892183,0.852607994569671,0.899411053862238,0.937186593987513,0.897588390485786,0.51060005085337,0.868643485088425,0.874794143584489,0.910765112078611,0.828152838355522,0.583318341658882,0.911372219336374,0.869681858396779,0.899834728501906,0.921955965038628,0.914924105796734
PTEN,0.935591460308603,0.914835603956433,0.896958432477806,0.939179826313181,0.921259168651127,0.933353269481113,0.900367436166868,0.943973618284126,0.936492251069932,0.951355306555508,0.942618770899633,0.946739752368217,0.949186526684107,0.949311980893361,0.926012901497381,0.923731184876986,0.947043959233607,0.896839837206259,0.931489077236839,0.956732753007229,0.955527156557875,0.932735593563379,0.944560633839326,0.956516536409246
PTPRD,0.927294066882031,0.943170177786311,0.929031155608452,0.951728568375388,0.938512863636525,0.950236906972307,0.94585794959626,0.948943343419415,0.966014383155138,0.945665648037089,0.810752665231569,0.947171958703984,0.949458010712702,0.827388864250545,0.946319848666395,0.944314837894903,0.884083924605875,0.944934509486002,0.86988871791551,0.86629197669003,0.932279776045113,0.947576533949499,0.925152711186877,0.969324402641907
RANBP2,0.943461292183031,0.950379549575152,0.943895772304747,0.945633631355776,0.927629251751451,0.934448162614615,0.93888881358071,0.952421299641786,0.951707249564838,0.954756904241089,0.958402050192175,0.954216857293124,0.950118599465962,0.958106547933891,0.952474831463674,0.96176790473396,0.955789634625073,0.954092518286362,0.957715460524751,0.951726469262463,0.952204851370471,0.953095033798156,0.951743686771263,0.96254749222109
RB1,0.970797199027658,0.962508956383503,0.943970867104721,0.885518266863304,0.948976273874759,0.970149020130876,0.95945283660809,0.941522002315839,0.971100225365056,0.92358181175088,0.954140361459825,0.959098125462006,0.959626418597101,0.987548395526726,0.962281669818444,0.966769706522413,0.975248512611212,0.971034503305863,0.960656225232593,0.946660820175236,0.975424895874888,0.941025348365667,0.942131913069315,0.97387666087698
RPGR,0.84894054064112,0.813732877079272,0.821560187257073,0.892539865497083,0.844392366854522,0.887747115251403,0.936767377488652,0.827304593525686,0.810449900209171,0.797079845200491,0.890620380023,0.929587794152664,0.894238181489772,0.849299862593635,0.906782574702411,0.748888256277114,0.850488253542387,0.698148081950436,0.606818104589079,0.910936852198443,0.786263437246497,0.898247478685253,0.791372657542418,0.944713484708738
RUNX1,0.958906363669608,0.975185335062449,0.985525403576706,0.979167074316574,0.978783877407599,0.988269660125793,0.983961141308885,0.985280381778182,0.98141140991493,0.980732102897712,0.678622376361399,0.9849738921379,0.980960214194827,0.984404853472416,0.988491664963349,0.987405664405447,0.983592069553653,0.988173469882336,0.971213731230159,0.976922817339592,0.984104104809307,0.982753354913848,0.981635035581769,0.984083867794984
RYR1,0.990232849058077,0.980581204603563,0.990229187988641,0.985392946825922,0.984692546693371,0.992749190202398,0.988374384212055,0.989170487123345,0.985301581263783,0.987057569916612,0.84150306957796,0.988550927099092,0.985179616536384,0.989083874102587,0.988250974863093,0.988181293025134,0.836225375655152,0.98867471151745,0.985742010197648,0.516970665366351,0.99034220968076,0.985735179610471,0.85389940866863,0.987850096887786
RYR2,0.808790122734364,0.964188123401986,0.984262327428973,0.69893156198884,0.973870443104072,0.963597463391511,0.971334054668804,0.977450648535168,0.96415780544429,0.967326005811053,0.494535081648709,0.962068049826343,0.976169116041944,0.982558471185482,0.969862427205614,0.976823391011146,0.6874000816084,0.961727017116799,0.468004453254144,0.689667475765383,0.961715549356951,0.976621140969361,0.820527853628434,0.981597601457538
RYR3,0.938499216153855,0.955782493842835,0.939993994447169,0.9432657472458,0.942925326740452,0.942151912174854,0.947212916126506,0.944984860795581,0.964301283984391,0.952948150815821,0.949161377961717,0.940535008309191,0.934903366058394,0.961645982491919,0.92263273872469,0.935471323128715,0.919329294137327,0.957613197148312,0.952656462675463,0.898498279246919,0.931355462541,0.934317988033757,0.950444489851142,0.948831095389748
SCN10A,0.653874384833447,0.518219342443072,0.885108729920098,0.652637147830787,0.872081511046761,0.931153205177447,0.915491048469137,0.901470971525583,0.576034121226554,0.536658567034196,0.552935813131761,0.914870644547073,0.617109214168286,0.417666938118839,0.689055960098899,0.92034130840655,0.357690482100623,0.721389720576175,0.556648104347692,0.632932949005735,0.613306442793193,0.794188638106368,0.616081408541536,0.657542695263776
SCN2A,0.85416761836005,0.764542047842164,0.901318837845457,0.92809393345442,0.91950129888918,0.907195474401085,0.926725680355556,0.891220540723336,0.93104658495617,0.928937381231957,0.940874220276264,0.935040160889886,0.913752452700764,0.918447693844612,0.928395086905721,0.927452798436531,0.933033475929285,0.932738330491147,0.767822266013309,0.847755251674974,0.815172932192618,0.907141941670355,0.936690574361686,0.935631211033087
SETD2,0.950477632716636,0.960027999894547,0.948805095794768,0.955061509464109,0.949204754096634,0.946367831740131,0.954423870960535,0.945948902250788,0.954010314896548,0.963081905247856,0.959051594322244,0.957121175270428,0.953197870619954,0.94802210927709,0.953019819525518,0.946686279141989,0.957392569820569,0.962287233151773,0.948994298761501,0.962190586374524,0.960040142913129,0.937133261959591,0.958949605129782,0.964781011977415
SF3B1,0.945109277827107,0.944378808652415,0.944061309425177,0.947666519701266,0.920057950819381,0.940430700348759,0.932117947391626,0.94295344681561,0.947709229592325,0.95587785596357,0.946833516860201,0.949528507395152,0.951555873581528,0.938330210843124,0.962562528521423,0.947372853448085,0.964775485854015,0.941708229783318,0.94853068175224,0.945895251146953,0.911131870561361,0.941695682099961,0.946980801157199,0.96008106670802
SMG1,0.594879055579025,0.765849100305507,0.623096818173846,0.591222009031313,0.585336870918438,0.659036186082555,0.755867627341089,0.504618512745787,0.512741467142795,0.660726790238914,0.649590819257733,0.671305069593677,0.669675748694591,0.684249112825892,0.56137396065137,0.63102756788605,0.548957233563263,0.581220761264937,0.653670651504564,0.67976422095843,0.579198269749,0.672635119917776,0.589236723377471,0.702230520030738
SPEN,0.991257952660095,0.984173116868191,0.986817897025252,0.983497645823006,0.981957216347031,0.988172291426032,0.979495431066354,0.982397371769241,0.984268796763484,0.979839726335991,0.980768207018778,0.978079127424767,0.981804213179979,0.983957784128115,0.981787266124737,0.983299482383017,0.983713761299621,0.987408949427573,0.981430570283311,0.984278108610967,0.984387700672746,0.983220403262736,0.981614231000051,0.984424634199894
SPTA1,0.502987865211519,0.454408753578464,0.644808011553844,0.628125541713899,0.944661759164549,0.605383644899193,0.899251787348858,0.29666611091264,0.151109300662801,0.603016830828591,0.424972987632805,0.767656550276594,0.455546783883347,0.353357391851204,0.457970040237909,0.831354171449239,0.354735192246645,0.5418314827276,0.599499411180837,0.604024187796824,0.432016536112627,0.614814930304538,0.620239947829375,0.463229904532808
SRCAP,0.978667579713859,0.965857998465031,0.982327648352108,0.97487110888642,0.975530798319633,0.989595186328825,0.976493887628473,0.978182075505755,0.981336804977105,0.977677339564001,0.93597285496298,0.977701254702967,0.981974801957803,0.986677497574581,0.981313392326664,0.98206181091686,0.978305728965757,0.985250956475187,0.981537233697647,0.982279891498887,0.985668416286588,0.973034612453122,0.973316106979696,0.984990049396763
SYNE2,0.963664203034932,0.962214591990402,0.955114692677167,0.939092026189973,0.926155299057807,0.957224228721965,0.956378773356096,0.930874488986001,0.956137359115027,0.953512686121092,0.957817640874999,0.939687686183659,0.937765937314428,0.956419608758783,0.94259176839115,0.954869580530113,0.959284244463542,0.961878299250472,0.962071654334295,0.95345933184954,0.956436657407046,0.94484851419408,0.931830500252701,0.938047740767182
TAF1,0.840974221157606,0.924567004150702,0.850115077496291,0.935198390250168,0.87433141954936,0.925230586467387,0.951882945794827,0.935131649655988,0.920308791420442,0.949810121112424,0.817400502546268,0.955245006983566,0.779363353582491,0.824381989261091,0.933663589864967,0.940595637630941,0.890736117708145,0.932897376876058,0.704663903128723,0.877429748682781,0.911874834543316,0.934024119300617,0.789554234745779,0.957163523525114
TAF1L,0.561654010746954,0.351340158522554,0.522949046986736,0.72847518041675,0.875203775830777,0.646852401171394,0.914152877744456,0.544903864186898,0.277219029651795,0.482313363550697,0.492099448368272,0.654799265197933,0.618473787661687,0.437770115052413,0.745254727580474,0.574699257966169,0.433100720546014,0.773857669405886,0.495625019476798,0.637808759883763,0.481087492175537,0.699430679864827,0.687555428031032,0.844450882293524
TCHH,0.823623225293393,0.913659645079593,0.831794082290667,0.787481519014259,0.915792685418358,0.951001209251738,0.920893030167096,0.892735127489263,0.946342612878284,0.869095312441984,0.931310128025278,0.912560355344105,0.840199847319679,0.928022408802211,0.871787257027395,0.902602476742234,0.784769400588233,0.874821031146466,0.929304638439685,0.787466354350145,0.822881278830438,0.884180842065969,0.776274260545537,0.85304080604499
TENM1,0.793168281142634,0.858339007176839,0.745330787876775,0.834563441417255,0.930530375446255,0.931274855638105,0.931741787439339,0.94017456761589,0.743992641154435,0.653657126526236,0.510352019145928,0.943068484707048,0.714253371775198,0.407997883655532,0.526542756692007,0.924832959987209,0.51719979759822,0.421916484612902,0.815844527772147,0.708653828074193,0.703330518441869,0.869338163166928,0.474329317401587,0.708512529367032
TG,0.912436125894071,0.805395541416784,0.951206669275253,0.943157111476784,0.936673462458408,0.949559176319316,0.948173851682752,0.949103765930078,0.929786426720275,0.954947304920054,0.957691209991547,0.951237449471617,0.952728247083773,0.918986143081401,0.942569001853872,0.92956586602821,0.932162560367587,0.94609252610732,0.957085371420723,0.93527768192832,0.943158132118486,0.93363292784405,0.944798743973058,0.962275689213925
TLN1,0.802743160860299,0.81850265269483,0.790117001403343,0.783249948691357,0.805837428149347,0.846890566836978,0.798367728191235,0.608963249457926,0.635758636322925,0.829936515591577,0.773251402788612,0.84952763675464,0.840861190190707,0.747998699821245,0.770352534473674,0.764660097665082,0.729615945557882,0.745566751115991,0.760202246154414,0.826797893231966,0.766295396287708,0.639553540938487,0.719577278052334,0.805591943775384
TP53,0.941233259852097,0.953279646136154,0.949417629304765,0.952071847824041,0.92719979650162,0.935239767863593,0.961731039192928,0.949032591283501,0.939365129175863,0.953056878790391,0.948215898882889,0.950205265505962,0.939289521488904,0.94852091719762,0.934202971110832,0.943749334516905,0.942542534747982,0.951035372494083,0.950560646633468,0.942801077798304,0.954427009014506,0.93385145177085,0.946901296419557,0.939307564397418
TPR,0.889961742489532,0.934822073902839,0.897419187291751,0.941777968365561,0.922909987226717,0.936202178011461,0.95132259179433,0.930275175283745,0.94360296735234,0.944623339385319,0.930366776435776,0.946621492255083,0.925132802563919,0.950473328958521,0.92647964211699,0.937865405120129,0.921985614906236,0.945222273531392,0.935906978790395,0.921263322800217,0.944102481880617,0.922680874901172,0.939989886200788,0.94716348762856
TRPM6,0.852146326497469,0.491810660489733,0.917849795475884,0.868522621719411,0.926082351018948,0.947724531626248,0.939807523349867,0.950259628499704,0.389118550340711,0.760514666684473,0.64302790723262,0.928406134286565,0.755257090897269,0.554979918784129,0.569380739340819,0.926963676328173,0.605090081329794,0.943802723163635,0.527373102612,0.809695915578125,0.721639660455655,0.916661881564373,0.673195129863004,0.933797165391981
TTN,0.928002489122515,0.984054903444923,0.933990740254487,0.820120633226583,0.959582225724548,0.970673372966661,0.935094909671146,0.964463642367794,0.977484650965982,0.804793622624212,0.945892689512041,0.914627450289516,0.79193025324541,0.945952281598055,0.896052087179333,0.975891707100851,0.974636404759061,0.982719401833936,0.971041629599031,0.800529477137909,0.911345079959752,0.950634982439645,0.77028909754493,0.91243312214449
UBR4,0.944104035980617,0.965407072739861,0.911079287995027,0.952231133445136,0.932506824117555,0.969720156989905,0.948924294568144,0.960211215656229,0.956988439790372,0.947308994535061,0.957477890455298,0.958182078247115,0.956769673204231,0.933850805119757,0.953325899847482,0.956878809298024,0.962756528137108,0.958632740474872,0.951885602297654,0.965189499438864,0.962032537524997,0.936237077811037,0.956127899555638,0.965204746729397
UBR5,0.930976072869521,0.966918583837469,0.949007830068252,0.934188469349156,0.942001307614965,0.953510597760133,0.931945088871749,0.95173075062741,0.93773912447338,0.962928623867269,0.957169623110433,0.94439411214623,0.955426871715761,0.951744541860746,0.931858968436359,0.934779080791164,0.892304610425692,0.959724483858187,0.947005396958349,0.931378462894248,0.946337263925045,0.94500638584995,0.955070152075897,0.938930073888832
USH2A,0.909650289356562,0.86168642075277,0.90411447711989,0.903066804757068,0.911802905593977,0.932610149762176,0.91085862566163,0.929990129311547,0.952781461471341,0.905980798324808,0.855871494132366,0.931074524918118,0.921156548732668,0.921682472223896,0.914728241449267,0.943245818908792,0.769330693168715,0.948938749221804,0.785359293908566,0.912949224643551,0.682668122954887,0.928339461379992,0.918058032482421,0.938341356489439
USP34,0.93521239030108,0.954790701466609,0.935103770929942,0.930302191721267,0.933730690211972,0.933877969989468,0.899592347188371,0.924808056940062,0.961360702483591,0.922627078968155,0.878724526612642,0.944069704253411,0.942885298575777,0.887066351849715,0.930536368988404,0.886099427482755,0.925026783634196,0.891623351361649,0.834252244281353,0.937981675770701,0.939924079682639,0.806955354660109,0.947797624482989,0.953221228604071
USP9X,0.905413663985938,0.96233614882457,0.924604951056868,0.950941571111665,0.928445851982133,0.928399764161516,0.947974348034406,0.929116784236477,0.776424195661983,0.955397767605837,0.936189701988079,0.946941964253824,0.944158863925132,0.937431217590936,0.930217055114761,0.933532811538774,0.933782028162306,0.947081275428696,0.932093761623716,0.948024904044346,0.903205323094725,0.924081077877807,0.946243076214367,0.963173535650941
UTRN,0.941054725765452,0.891548006189437,0.951686543923941,0.936130274827276,0.90831396925115,0.911956911316022,0.934808180088334,0.939912941548492,0.919413819598329,0.93315078966317,0.930965802087276,0.946614693894469,0.938853488998687,0.939104790780443,0.92743296510324,0.938736872668673,0.950208103477699,0.946448815910507,0.933198010068613,0.623508330857027,0.951176686442429,0.950022589492443,0.939308273862193,0.945231167903308
WDFY3,0.940886363731055,0.958601380051034,0.936736334206535,0.941489360093266,0.937710265918146,0.931942976753278,0.940613090940212,0.945119957712471,0.956569027747679,0.929272044367469,0.955814350990036,0.951984420631711,0.9365719471797,0.953100548870521,0.916461623631949,0.947695796523807,0.941911104703764,0.950431217476749,0.947876516708103,0.948183486561543,0.937901874076728,0.938867629746086,0.942453441595299,0.950002265283508
XIRP2,0.881153197231139,0.480106861262134,0.826111402407666,0.805589560687831,0.894494294230069,0.891591585083216,0.925052132575923,0.91485674818665,0.894022131383854,0.779770433785206,0.926226531090331,0.927059433565932,0.908492069157979,0.6906105045995,0.866084151545746,0.866227855703908,0.812094517685654,0.865981306808145,0.689471310814358,0.875838115529445,0.707105976565016,0.887121936341718,0.675880039602414,0.916986965985161
YLPM1,0.867227153556386,0.890132584081188,0.900742602910188,0.919907111343103,0.879609325405052,0.893334548352834,0.886890565821387,0.903565902651765,0.922681807736824,0.925067651534254,0.920215204880802,0.935137819529607,0.88811549326248,0.940159172226298,0.874902942562062,0.904593312493907,0.9306471913464,0.932019276445686,0.90460499947522,0.947021626680701,0.926584791293295,0.916071261532488,0.944232495033034,0.942541660839679
ZFHX4,0.59370335611989,0.963407677059911,0.979215227295809,0.610090443380387,0.976286206572831,0.970862121519832,0.970632301765129,0.977336056851675,0.981969716274068,0.969346723523808,0.470915227458269,0.981181457539189,0.973698295537996,0.351688187283303,0.780452664219095,0.634990855995925,0.774478024556822,0.984050487147349,0.346652562813567,0.497851477253015,0.981082418542738,0.974664561558621,0.505084218738689,0.982435952177068
